{"loss": [227.23171997070312, 153.10145568847656, 150.2311553955078, 147.81407165527344, 144.59024047851562, 141.6011505126953, 137.7485809326172, 135.63790893554688, 133.2558135986328, 131.5371856689453, 129.93643188476562], "val_loss": [100.69617462158203, 100.44476318359375, 101.2472152709961, 99.28018188476562, 101.31624603271484, 99.1307373046875, 99.26896667480469, 99.28453826904297, 99.45366668701172, 100.11483764648438, 99.30538177490234]}