{"loss": [243.70774841308594, 161.3345489501953, 158.91091918945312, 156.0003662109375, 153.55186462402344, 149.86366271972656, 146.6730499267578, 143.18516540527344], "val_loss": [105.2446517944336, 100.57785034179688, 100.52114868164062, 101.80377960205078, 103.49675750732422, 103.18382263183594, 100.55350494384766, 103.86235046386719]}