{"loss": [274.4853210449219, 121.74058532714844, 121.57044982910156, 120.97908020019531, 120.23178100585938, 119.59794616699219, 119.14015197753906, 118.57479858398438, 117.97634887695312, 117.41996765136719, 116.8435287475586, 116.40776824951172, 115.62679290771484, 115.29413604736328, 114.92665100097656, 114.5923843383789, 114.15654754638672, 113.51315307617188, 112.90509796142578, 112.7304458618164], "val_loss": [101.20526885986328, 100.49554443359375, 100.00340270996094, 99.8495101928711, 99.52017211914062, 99.55783081054688, 99.38958740234375, 99.56318664550781, 99.4530029296875, 100.4974365234375, 99.26487731933594, 100.10382080078125, 99.1758041381836, 99.4233169555664, 99.12554168701172, 99.14241027832031, 99.47321319580078, 99.18518829345703, 99.14933013916016, 100.16903686523438]}