{"loss": [232.94366455078125, 99.27984619140625, 98.59051513671875, 98.25146484375, 97.75801849365234, 96.98524475097656, 96.49676513671875, 96.00357818603516, 95.3576889038086, 94.88444519042969, 94.19258880615234, 93.2875747680664, 92.57064056396484], "val_loss": [82.0180435180664, 80.66092681884766, 80.10750579833984, 80.45692443847656, 80.3769302368164, 79.70882415771484, 80.0693359375, 79.63871765136719, 79.69915008544922, 79.88898468017578, 80.13316345214844, 80.32630920410156, 79.7372817993164]}