{"accuracy": [0.6834589242935181, 0.689873993396759, 0.6912925243377686, 0.6912156939506531, 0.6918690800666809, 0.6911388039588928, 0.6916139721870422, 0.6913903951644897, 0.6914602518081665, 0.6913763880729675, 0.6919249892234802, 0.6916384696960449, 0.6919494271278381, 0.6912541389465332, 0.6912855505943298, 0.6911318302154541, 0.6914183497428894, 0.6911143660545349], "loss": [0.5972990989685059, 0.5835698843002319, 0.5797085762023926, 0.5783406496047974, 0.5776911973953247, 0.5771663188934326, 0.576829731464386, 0.5768132209777832, 0.5767313838005066, 0.5766880512237549, 0.5762826800346375, 0.5760493278503418, 0.5762958526611328, 0.5761348009109497, 0.5759046077728271, 0.5760824680328369, 0.5760399103164673, 0.5766088962554932], "val_accuracy": [0.6926388144493103, 0.6909617185592651, 0.6931978464126587, 0.693253755569458, 0.6933655738830566, 0.6929323077201843, 0.6921496391296387, 0.692205548286438, 0.6928065419197083, 0.693169891834259, 0.6932118535041809, 0.6926248669624329, 0.6927506327629089, 0.6927366256713867, 0.6923732757568359, 0.6922195553779602, 0.6914927959442139, 0.6930022239685059], "val_loss": [0.5803185701370239, 0.5769139528274536, 0.5740684270858765, 0.5740751624107361, 0.5727322101593018, 0.5728363990783691, 0.5720604658126831, 0.5728191137313843, 0.5722536444664001, 0.571962833404541, 0.5717945694923401, 0.5722751021385193, 0.5717527866363525, 0.5726221799850464, 0.572263777256012, 0.5719137191772461, 0.5730665922164917, 0.5718250274658203]}