{"loss": [272.91204833984375, 127.773681640625, 125.10894775390625, 124.91912078857422, 123.9573745727539, 123.52338409423828, 122.9623031616211, 122.26317596435547, 121.13277435302734, 120.51353454589844, 119.9390640258789, 119.30561065673828, 118.8628921508789, 117.96286010742188, 117.41136169433594, 116.74614715576172, 116.34918212890625, 115.79345703125, 115.23330688476562, 114.94458770751953], "val_loss": [101.55371856689453, 100.55660247802734, 100.70977020263672, 99.9745864868164, 100.89644622802734, 99.62971496582031, 99.5343017578125, 100.62863159179688, 99.98551177978516, 100.17466735839844, 99.44881439208984, 99.29158020019531, 99.2495346069336, 99.25951385498047, 99.02696990966797, 99.07169342041016, 100.6455307006836, 99.06934356689453, 99.13500213623047, 99.03379821777344]}