{"loss": [6678.2822265625, 1699.4136962890625, 1665.25830078125, 1654.8123779296875, 1652.5262451171875, 1651.463623046875, 1650.706787109375, 1651.44921875, 1651.67626953125, 1651.753662109375, 1649.4158935546875, 1652.468505859375, 1648.032470703125, 1648.912109375, 1648.5732421875, 1648.1837158203125, 1647.400146484375, 1646.16357421875, 1646.6109619140625, 1645.718994140625, 1645.9293212890625, 1645.6982421875, 1646.511474609375, 1645.6453857421875, 1644.517822265625, 1645.169921875, 1643.7496337890625, 1644.938232421875], "val_loss": [1722.2568359375, 1682.8096923828125, 1673.0963134765625, 1663.87939453125, 1663.9012451171875, 1662.3448486328125, 1663.08740234375, 1669.0079345703125, 1661.998291015625, 1658.6527099609375, 1666.9141845703125, 1674.644287109375, 1663.3408203125, 1657.0074462890625, 1660.07177734375, 1660.689453125, 1656.8707275390625, 1655.992431640625, 1656.0101318359375, 1655.399658203125, 1680.2562255859375, 1661.5858154296875, 1654.40185546875, 1655.8668212890625, 1662.28466796875, 1655.0205078125, 1656.7489013671875, 1660.2012939453125]}