{"loss": [232.78567504882812, 140.05941772460938, 137.44293212890625, 135.3230743408203, 130.88531494140625, 125.25224304199219, 120.21471405029297, 117.15555572509766, 114.73157501220703, 112.24510192871094, 110.29798889160156, 108.37541961669922, 107.28713989257812, 105.50074768066406, 104.84687042236328, 103.8470230102539, 102.82051086425781, 101.80592346191406, 100.57283020019531], "val_loss": [79.9719467163086, 80.00414276123047, 79.45674133300781, 79.22742462158203, 80.83753204345703, 83.72449493408203, 79.27051544189453, 80.64618682861328, 79.11094665527344, 79.1546630859375, 79.666015625, 78.67064666748047, 79.01378631591797, 78.46142578125, 78.67259979248047, 79.25067138671875, 79.24853515625, 78.68519592285156, 78.79249572753906]}