{"loss": [259.0570983886719, 117.92438507080078, 117.49938201904297, 116.65349578857422, 116.20435333251953, 115.73085021972656, 114.68743896484375, 114.39936065673828, 114.0831298828125, 113.56767272949219, 112.85452270507812, 112.50154113769531, 111.92632293701172, 111.27899169921875, 111.12657165527344, 110.5506820678711, 110.10223388671875, 109.803955078125, 109.1231918334961, 108.66290283203125, 108.48859405517578, 108.06407165527344, 107.56143188476562, 107.12706756591797, 106.83515930175781, 106.65359497070312, 106.0168228149414], "val_loss": [97.63248443603516, 96.97135162353516, 96.61541748046875, 95.3458251953125, 95.31906127929688, 95.50943756103516, 95.45487976074219, 95.11238861083984, 95.70710754394531, 96.19000244140625, 95.01653289794922, 95.07964324951172, 95.12134552001953, 94.99674987792969, 95.08548736572266, 95.27198791503906, 95.08534240722656, 94.98029327392578, 96.136474609375, 95.03382873535156, 95.1155776977539, 94.92037963867188, 94.98492431640625, 95.27263641357422, 95.03890991210938, 95.01813507080078, 94.96147918701172]}