{"loss": [230.02992248535156, 103.40351104736328, 102.85970306396484, 102.62809753417969, 102.5489273071289, 102.47181701660156, 102.26637268066406, 102.05870819091797, 102.04341888427734, 102.06246185302734, 101.87632751464844, 101.94168853759766, 101.86414337158203, 101.8115005493164, 101.85413360595703, 101.81867980957031], "val_loss": [104.88159942626953, 104.40851593017578, 104.02848815917969, 103.73218536376953, 103.41776275634766, 103.2489013671875, 103.13786315917969, 102.95191955566406, 102.8792495727539, 103.3097152709961, 102.7868423461914, 102.79791259765625, 104.1949691772461, 103.03334045410156, 103.07588958740234, 102.824951171875]}