{"loss": [252.88568115234375, 124.49173736572266, 122.93611145019531, 122.96873474121094, 122.228515625, 121.85379028320312, 121.14588928222656, 120.69998931884766, 119.99449157714844, 119.56481170654297, 118.8735122680664, 118.50004577636719, 118.2947769165039, 117.89299011230469, 117.37629699707031, 116.94756317138672, 116.57232666015625], "val_loss": [107.02324676513672, 105.79926300048828, 104.03600311279297, 103.63562774658203, 103.61521911621094, 103.95783996582031, 103.75069427490234, 103.61416625976562, 103.53404235839844, 104.5342025756836, 103.5638427734375, 103.03076171875, 103.0534896850586, 103.0368881225586, 103.09380340576172, 103.04414367675781, 104.61404418945312]}