{"loss": [256.2588806152344, 116.86466979980469, 115.9145278930664, 115.24958038330078, 114.81703186035156, 114.40481567382812, 113.74134826660156, 112.86009216308594, 112.63119506835938, 112.03321075439453, 111.68892669677734, 111.11067199707031, 110.52410125732422], "val_loss": [97.53460693359375, 96.257080078125, 95.57975006103516, 95.54966735839844, 95.39029693603516, 95.9108657836914, 95.44674682617188, 95.32886505126953, 95.46392059326172, 95.6865234375, 96.55599975585938, 95.59265899658203, 95.53595733642578]}