{"accuracy": [0.6937103867530823, 0.6974141001701355, 0.6989654302597046, 0.6986265182495117, 0.6991331577301025, 0.6993741989135742, 0.6996572613716125, 0.7001149654388428], "loss": [0.5714666843414307, 0.5655083060264587, 0.5640732645988464, 0.5635991096496582, 0.5630896091461182, 0.5626054406166077, 0.5622766613960266, 0.5618070960044861], "val_accuracy": [0.6963564157485962, 0.6965241432189941, 0.6976841688156128, 0.6982292532920837, 0.6979637145996094, 0.6975304484367371, 0.6953222155570984, 0.6981453895568848], "val_loss": [0.5640835165977478, 0.5636391043663025, 0.5625166893005371, 0.5626049041748047, 0.5628208518028259, 0.5627996325492859, 0.5640016794204712, 0.5629860758781433]}