{"loss": [168.5937957763672, 80.41168975830078, 80.16256713867188, 80.0628433227539, 79.93684387207031, 79.92805480957031, 79.8315200805664, 79.7903823852539, 79.786376953125, 79.76770782470703, 79.69786071777344, 79.5774154663086, 79.67554473876953, 79.54537200927734, 79.4564437866211, 79.50456237792969, 79.4488296508789, 79.56505584716797, 79.44444274902344, 79.30072784423828, 79.35506439208984, 79.36126708984375, 79.33668518066406], "val_loss": [80.97737121582031, 80.68737030029297, 80.43556213378906, 82.03300476074219, 80.59342956542969, 80.3265380859375, 80.05972290039062, 80.64424896240234, 81.64851379394531, 80.05751037597656, 80.36201477050781, 79.91712951660156, 79.8863525390625, 80.02938842773438, 79.78795623779297, 79.80746459960938, 79.8866958618164, 79.62665557861328, 80.04205322265625, 79.8681640625, 80.39920043945312, 80.34963989257812, 81.2103271484375]}