{"accuracy": [0.6906706094741821, 0.697172999382019, 0.6976761221885681, 0.6986998915672302, 0.6989339590072632, 0.6993602514266968, 0.6997935175895691, 0.7000765204429626, 0.7006285786628723, 0.7009779810905457], "loss": [0.5767455101013184, 0.5673787593841553, 0.5657980442047119, 0.564949631690979, 0.5643094778060913, 0.5637810230255127, 0.5634821653366089, 0.5631624460220337, 0.5627782940864563, 0.5624616742134094], "val_accuracy": [0.696943461894989, 0.6976702213287354, 0.6982152462005615, 0.6988301873207092, 0.6987463235855103, 0.6983689665794373, 0.6980475187301636, 0.6977540254592896, 0.6980894804000854, 0.6983689665794373], "val_loss": [0.563628077507019, 0.5628120303153992, 0.5619203448295593, 0.5619961023330688, 0.5614255666732788, 0.561768114566803, 0.5616995692253113, 0.5615682005882263, 0.5621179938316345, 0.5617527961730957]}