{"loss": [268.14483642578125, 126.38912963867188, 125.3235092163086, 124.87948608398438, 124.46449279785156, 123.87263488769531, 123.00389862060547, 122.51445007324219, 121.63134765625, 121.07666015625, 120.404296875, 119.88177490234375, 119.6755599975586, 119.09534454345703, 118.40813446044922, 117.75809478759766, 117.39361572265625, 117.04549407958984, 116.4034652709961, 116.1919937133789, 115.56444549560547, 115.06592559814453, 114.72632598876953, 114.37066650390625, 113.92147827148438, 113.61658477783203, 113.1689224243164, 112.90086364746094, 112.5669937133789, 112.41650390625, 112.12187957763672, 111.67858123779297, 111.66535186767578, 111.41609191894531, 111.09598541259766, 110.49220275878906, 110.61650085449219, 110.53604125976562, 110.29981231689453, 110.13533020019531], "val_loss": [105.26226043701172, 104.47782897949219, 103.73514556884766, 103.42446899414062, 103.4310302734375, 103.35814666748047, 103.53092193603516, 103.08567810058594, 104.02965545654297, 103.37268829345703, 103.60569763183594, 102.84842681884766, 103.00103759765625, 103.38336181640625, 103.26878356933594, 102.88922119140625, 102.81452178955078, 102.80308532714844, 104.02764129638672, 103.28961181640625, 102.7277603149414, 103.197265625, 103.20591735839844, 102.84607696533203, 102.70616149902344, 102.67644500732422, 103.12356567382812, 102.67095184326172, 102.60210418701172, 102.65834045410156, 102.7182388305664, 102.92291259765625, 103.01840209960938, 102.60128784179688, 102.51544189453125, 102.56063842773438, 102.89796447753906, 102.54493713378906, 102.59037017822266, 103.26168060302734]}