{"loss": [231.83763122558594, 144.49160766601562, 141.5997314453125, 138.99563598632812, 135.11032104492188, 131.4065704345703], "val_loss": [80.07244110107422, 81.10114288330078, 85.28763580322266, 86.17599487304688, 83.77849578857422, 80.56866455078125]}