{"loss": [225.6095428466797, 149.62550354003906, 146.78988647460938, 143.5418701171875, 140.00205993652344, 136.3385467529297, 132.86477661132812, 130.42037963867188, 127.70884704589844], "val_loss": [96.726318359375, 95.8364486694336, 95.89729309082031, 95.52664184570312, 95.62479400634766, 98.56085968017578, 95.63935852050781, 95.68415069580078, 95.65642547607422]}