{"loss": [5780.787109375, 3044.02734375, 3030.12890625, 3003.691162109375, 2987.952880859375, 2959.15380859375, 2872.286865234375, 2850.037109375, 2820.4658203125, 2790.80810546875, 2749.63037109375, 2719.505615234375, 2673.22412109375, 2634.256103515625, 2602.491943359375], "val_loss": [1655.97119140625, 1746.9989013671875, 1739.2249755859375, 1636.3228759765625, 1631.528076171875, 1699.66552734375, 1750.523681640625, 1695.60009765625, 1636.6395263671875, 1627.8997802734375, 1644.2501220703125, 1654.7789306640625, 1686.670654296875, 1655.841796875, 1646.8680419921875]}