{"loss": [6797.595703125, 3272.26953125, 3261.57177734375, 3224.84619140625, 3194.677001953125, 3158.697265625, 3143.905517578125, 3121.291748046875, 3087.782470703125, 3069.766357421875, 3044.295166015625], "val_loss": [1715.24658203125, 1683.5369873046875, 1747.5294189453125, 1705.11181640625, 1678.2724609375, 1662.461181640625, 1733.1497802734375, 1676.5433349609375, 1710.0709228515625, 1676.5445556640625, 1664.6875]}