{"loss": [6057.4921875, 1633.6522216796875, 1627.0640869140625, 1622.7235107421875, 1619.696044921875, 1619.4464111328125, 1618.0032958984375, 1620.830810546875, 1618.3447265625, 1621.143798828125, 1617.8218994140625, 1618.0550537109375, 1621.1207275390625], "val_loss": [1652.066650390625, 1645.195556640625, 1647.0758056640625, 1633.3876953125, 1634.457763671875, 1631.530517578125, 1632.095458984375, 1629.333984375, 1634.0367431640625, 1633.5899658203125, 1631.7369384765625, 1629.649169921875, 1632.399658203125]}