{"loss": [223.18643188476562, 146.9405517578125, 144.71116638183594, 141.4844207763672, 137.6328125, 134.4336700439453, 131.4318084716797, 129.29806518554688, 127.61881256103516, 126.01223754882812, 124.71424865722656], "val_loss": [105.68034362792969, 103.86612701416016, 103.93936157226562, 103.43739318847656, 103.76744842529297, 103.08346557617188, 103.12715911865234, 105.81927490234375, 104.57767486572266, 103.87510681152344, 105.26586151123047]}