{"loss": [5718.2041015625, 2865.825439453125, 2833.845703125, 2798.59521484375, 2787.234619140625, 2752.92431640625, 2739.03466796875, 2707.9462890625, 2682.554931640625, 2647.483642578125, 2624.594482421875, 2591.870849609375, 2559.922607421875, 2531.62060546875, 2503.30224609375, 2473.036865234375, 2462.443359375, 2433.396240234375, 2418.16748046875, 2389.730712890625, 2377.780029296875, 2350.343017578125, 2329.35546875, 2317.884521484375, 2303.988525390625, 2297.243896484375, 2279.156005859375, 2260.7822265625, 2256.39599609375, 2252.898193359375], "val_loss": [1650.6484375, 1662.477783203125, 1661.4510498046875, 1679.6044921875, 1649.318603515625, 1649.822509765625, 1635.1873779296875, 1719.1820068359375, 1644.93408203125, 1648.8448486328125, 1632.8968505859375, 1641.2012939453125, 1635.900390625, 1630.02685546875, 1629.3701171875, 1646.2783203125, 1648.0400390625, 1623.6749267578125, 1618.4927978515625, 1615.1341552734375, 1612.556640625, 1619.9093017578125, 1629.253173828125, 1630.5469970703125, 1611.568359375, 1651.2596435546875, 1633.0189208984375, 1657.5526123046875, 1614.41943359375, 1618.8883056640625]}