{"loss": [188.65907287597656, 78.609619140625, 78.44918060302734, 78.26216125488281, 78.11492156982422, 78.03111267089844, 77.94731140136719, 77.86969757080078, 77.73236846923828, 77.86002349853516, 77.70904541015625, 77.70733642578125, 77.72063446044922, 77.71243286132812, 77.68882751464844, 77.58123779296875, 77.6161880493164, 77.66927337646484, 77.61715698242188, 77.68107604980469, 77.56361389160156, 77.6982650756836, 77.66759490966797, 77.54950714111328, 77.51029205322266, 77.44474029541016, 77.60972595214844], "val_loss": [79.8177490234375, 79.96104431152344, 79.66317749023438, 79.13392639160156, 79.08016204833984, 78.93408203125, 79.33722686767578, 78.77479553222656, 79.50450134277344, 78.69093322753906, 78.70082092285156, 78.69673919677734, 78.68985748291016, 80.11691284179688, 78.55795288085938, 78.5456771850586, 78.77619934082031, 79.01652526855469, 79.52095794677734, 78.76529693603516, 78.46270751953125, 78.46007537841797, 78.5589828491211, 78.68390655517578, 78.60791015625, 78.51872253417969, 79.34613800048828]}