{"loss": [239.93763732910156, 103.0578842163086, 102.82324981689453, 102.50016784667969, 102.26812744140625, 102.07134246826172, 102.07962036132812, 102.1391830444336, 102.01094818115234, 101.97408294677734, 101.9602279663086, 101.91533660888672, 102.03155517578125, 101.88495635986328, 101.8215103149414, 101.73219299316406], "val_loss": [104.37103271484375, 104.02239990234375, 103.98451232910156, 103.39094543457031, 103.32579040527344, 103.196044921875, 103.29938507080078, 103.21466827392578, 103.0456771850586, 103.51187896728516, 102.95706176757812, 103.1182861328125, 103.01309204101562, 103.08775329589844, 103.25131225585938, 103.22821044921875]}