{"loss": [231.48367309570312, 154.0232696533203, 150.70509338378906, 148.6409454345703, 145.30703735351562, 142.17616271972656, 139.0576629638672, 135.7372589111328, 133.666015625, 131.80909729003906, 129.52224731445312, 127.32463073730469, 125.75485229492188, 124.47357940673828, 123.20964813232422, 121.51861572265625, 120.85360717773438, 119.84291076660156, 118.99632263183594, 118.18700408935547, 117.25035858154297, 116.39604949951172, 115.64512634277344, 115.00019073486328, 113.91547393798828, 113.76970672607422, 112.38885498046875, 111.91822814941406, 111.35601806640625, 110.54315185546875, 110.34501647949219, 109.49636840820312, 109.05909729003906, 108.29354095458984, 107.91477966308594, 107.56141662597656, 107.12635040283203, 106.38575744628906], "val_loss": [99.15283966064453, 96.77447509765625, 100.07513427734375, 101.24430084228516, 96.34607696533203, 95.85455322265625, 95.7404556274414, 96.32046508789062, 98.4226303100586, 95.10857391357422, 95.08807373046875, 95.2947006225586, 95.27045440673828, 95.69898986816406, 96.3709945678711, 94.92391204833984, 94.9535140991211, 94.97327423095703, 94.80171966552734, 96.0665283203125, 95.39044952392578, 94.75938415527344, 94.73211669921875, 94.80239868164062, 94.72962188720703, 94.9019546508789, 94.79255676269531, 94.71663665771484, 95.11202239990234, 95.16191101074219, 94.88243103027344, 94.86100769042969, 94.58814239501953, 95.40994262695312, 94.69731903076172, 95.2066650390625, 94.99903106689453, 95.00080108642578]}