{"loss": [181.55908203125, 80.22611999511719, 79.83550262451172, 79.78844451904297, 79.58507537841797, 79.54269409179688, 79.55021667480469, 79.55941772460938, 79.44004821777344, 79.23593139648438, 79.29085540771484], "val_loss": [80.90299987792969, 80.65802001953125, 80.23221588134766, 79.91777801513672, 80.95649719238281, 79.7061996459961, 79.96015930175781, 80.14860534667969, 79.92367553710938, 79.80827331542969, 80.30762481689453]}