{"loss": [247.50502014160156, 101.88521575927734, 101.42230987548828, 100.82463836669922, 100.23529052734375, 99.97181701660156, 99.28700256347656, 98.58293914794922, 98.0069808959961, 97.4137191772461, 97.11355590820312, 96.33784484863281, 95.91344451904297, 95.09368133544922, 94.96441650390625], "val_loss": [80.04951477050781, 79.8321304321289, 80.25808715820312, 79.42689514160156, 79.5350570678711, 79.4807357788086, 79.08075714111328, 79.25170135498047, 79.063720703125, 78.86613464355469, 78.92179870605469, 78.94440460205078, 79.43238067626953, 79.00535583496094, 80.13992309570312]}