{"loss": [8359.87890625, 2210.318115234375, 2191.489013671875, 2185.97509765625, 2182.372802734375, 2179.53759765625, 2174.96484375, 2166.85693359375, 2169.07861328125, 2151.816162109375, 2159.9501953125, 2156.433349609375, 2141.224853515625, 2139.505615234375, 2138.7626953125, 2133.254638671875, 2127.565673828125, 2124.408203125, 2116.282958984375, 2114.534912109375, 2110.83203125, 2108.875, 2114.62353515625, 2105.337158203125, 2101.43115234375, 2092.84912109375], "val_loss": [1677.5126953125, 1651.272216796875, 1650.4000244140625, 1642.126708984375, 1638.8250732421875, 1670.053955078125, 1644.490966796875, 1633.2027587890625, 1633.499267578125, 1628.2491455078125, 1627.2957763671875, 1635.3934326171875, 1631.1927490234375, 1626.6234130859375, 1632.4879150390625, 1631.4168701171875, 1626.141357421875, 1630.77099609375, 1641.7852783203125, 1632.0592041015625, 1624.297607421875, 1627.431640625, 1627.4718017578125, 1626.4136962890625, 1634.009033203125, 1627.346923828125]}