{"loss": [6014.138671875, 2877.735595703125, 2866.0537109375, 2863.79931640625, 2820.5517578125, 2797.510009765625, 2768.058349609375, 2745.498779296875, 2716.220947265625, 2683.962158203125, 2649.707763671875], "val_loss": [1714.981201171875, 1757.9444580078125, 1640.743408203125, 1695.8424072265625, 1652.281982421875, 1629.6685791015625, 1634.4599609375, 1643.2020263671875, 1631.3206787109375, 1652.1529541015625, 1681.8101806640625]}