{"loss": [9365.443359375, 2280.195556640625, 2266.500732421875, 2237.042724609375, 2243.761474609375, 2242.7685546875, 2233.294677734375, 2229.0908203125, 2224.14697265625, 2216.120849609375, 2213.802001953125, 2209.4248046875, 2198.3564453125, 2200.828857421875, 2195.42041015625, 2189.4140625, 2189.171630859375, 2185.07373046875, 2176.3466796875, 2172.03466796875, 2169.5478515625, 2169.55712890625], "val_loss": [1718.4053955078125, 1698.707275390625, 1696.3150634765625, 1685.1202392578125, 1677.177001953125, 1674.7156982421875, 1673.386474609375, 1669.8126220703125, 1665.2471923828125, 1678.7396240234375, 1668.765625, 1664.132080078125, 1670.62451171875, 1666.2747802734375, 1667.997314453125, 1674.32275390625, 1663.0992431640625, 1673.21630859375, 1702.5595703125, 1688.548583984375, 1668.7796630859375, 1665.1756591796875]}