{"accuracy": [0.692728579044342, 0.6971065998077393, 0.6984273195266724, 0.6991016864776611, 0.699880838394165, 0.6997725367546082, 0.7002093195915222, 0.7002232670783997, 0.7000206112861633, 0.7006809711456299, 0.7006111145019531, 0.7010233998298645, 0.7007683515548706, 0.7009954452514648, 0.701474130153656], "loss": [0.5715128779411316, 0.5652753710746765, 0.5641323924064636, 0.5635213255882263, 0.5628997087478638, 0.5625585317611694, 0.5621825456619263, 0.5617956519126892, 0.561578094959259, 0.5615071654319763, 0.5612826347351074, 0.5610243082046509, 0.5606498122215271, 0.5605727434158325, 0.5603770017623901], "val_accuracy": [0.6972229480743408, 0.6968176364898682, 0.6969015002250671, 0.6975723505020142, 0.6979776620864868, 0.6971949934959412, 0.6978099346160889, 0.6974046230316162, 0.6969993710517883, 0.6981593370437622, 0.6985646486282349, 0.6971111297607422, 0.6987183690071106, 0.6982572078704834, 0.6984248757362366], "val_loss": [0.5643814206123352, 0.5627866983413696, 0.5625348091125488, 0.5628160238265991, 0.5626108050346375, 0.5627646446228027, 0.5621339678764343, 0.5622327923774719, 0.5631017684936523, 0.5620521306991577, 0.5643184781074524, 0.5624218583106995, 0.5626165866851807, 0.5627836585044861, 0.563197135925293]}