{"loss": [219.1107635498047, 96.09878540039062, 95.33973693847656, 95.2769546508789, 95.16875457763672, 94.9894027709961, 94.9565200805664, 94.9148941040039, 94.90282440185547, 94.87983703613281, 94.78522491455078, 94.70101928710938, 94.76953125, 94.71987915039062, 94.60990905761719, 94.58808135986328, 94.7186050415039, 94.62734985351562, 94.5614013671875, 94.56031799316406], "val_loss": [97.75186157226562, 95.75534057617188, 95.43204498291016, 97.2654037475586, 95.28089141845703, 95.34191131591797, 95.36529541015625, 95.13858795166016, 95.06637573242188, 95.86599731445312, 94.94427490234375, 95.46446990966797, 95.07617950439453, 95.08482360839844, 94.8030776977539, 95.00755310058594, 95.51375579833984, 95.80520629882812, 95.776123046875, 95.0194091796875]}