{"loss": [214.28598022460938, 98.8941650390625, 98.08948516845703, 97.61194610595703, 96.72883605957031, 96.55461120605469, 96.23129272460938, 95.0807876586914, 94.8082046508789, 94.28917694091797, 93.79344177246094, 93.34923553466797, 93.00675964355469, 92.40242767333984, 91.84783172607422, 91.26609802246094, 91.18846130371094, 90.58058166503906, 90.13141632080078, 89.88790893554688], "val_loss": [81.9388427734375, 80.40973663330078, 80.09376525878906, 80.06873321533203, 79.93634033203125, 79.92340087890625, 80.32950592041016, 80.20560455322266, 80.00654602050781, 79.85680389404297, 79.6277847290039, 79.68921661376953, 79.59104919433594, 79.73802947998047, 79.52888488769531, 79.5845947265625, 79.73072814941406, 80.91857147216797, 79.76564025878906, 79.56949615478516]}