{"accuracy": [0.6892729997634888, 0.6971834897994995, 0.6982735991477966, 0.6988431215286255, 0.6997410655021667, 0.6997935175895691, 0.6997865438461304, 0.7000800371170044, 0.7002442479133606], "loss": [0.5770465135574341, 0.567677915096283, 0.5658449530601501, 0.5648053884506226, 0.5642333030700684, 0.5639966726303101, 0.5636221170425415, 0.5631529092788696, 0.5630497932434082], "val_accuracy": [0.6976422667503357, 0.6974884867668152, 0.6978937983512878, 0.6975024938583374, 0.6995849013328552, 0.6981733441352844, 0.6982572078704834, 0.6984388828277588, 0.6983270645141602], "val_loss": [0.5640979409217834, 0.5623229146003723, 0.5624463558197021, 0.5617632865905762, 0.5620183348655701, 0.5618669390678406, 0.5620893836021423, 0.5620900988578796, 0.5623578429222107]}