{"loss": [210.23219299316406, 95.854248046875, 95.61331939697266, 95.46183013916016, 95.38553619384766, 95.2483139038086, 95.04566192626953, 95.06293487548828, 94.92457580566406, 94.8603515625, 94.8456039428711, 94.82069396972656, 94.89497375488281, 94.74114227294922, 94.66368103027344, 94.6895980834961, 94.6347885131836, 94.5992431640625, 94.59942626953125, 94.46774291992188, 94.4925765991211, 94.55254364013672, 94.45791625976562], "val_loss": [96.40361785888672, 95.8460922241211, 96.03271484375, 96.67704772949219, 95.52796936035156, 95.19690704345703, 95.43379211425781, 95.39209747314453, 94.978271484375, 95.14361572265625, 94.9181900024414, 95.32260131835938, 95.01453399658203, 94.8152847290039, 95.24884033203125, 95.04692077636719, 95.10470581054688, 94.71471405029297, 95.28556823730469, 95.15560150146484, 94.87944793701172, 94.88796997070312, 95.78267669677734]}