{"loss": [7000.2392578125, 1630.0135498046875, 1624.2838134765625, 1620.275634765625, 1616.0828857421875, 1614.5211181640625, 1611.681884765625, 1610.4647216796875, 1609.7779541015625, 1608.5716552734375, 1607.908935546875, 1605.2103271484375, 1604.8004150390625, 1603.7105712890625, 1603.0299072265625, 1602.134521484375, 1601.8736572265625, 1602.1043701171875, 1601.128662109375, 1602.6695556640625, 1601.814453125, 1600.9981689453125, 1600.125244140625, 1599.9786376953125, 1598.0220947265625, 1599.2154541015625, 1598.6187744140625, 1599.09033203125, 1598.251953125, 1598.39794921875, 1598.92919921875], "val_loss": [1652.2327880859375, 1640.8851318359375, 1636.077880859375, 1629.6123046875, 1627.168701171875, 1621.877197265625, 1619.82470703125, 1619.954833984375, 1620.12646484375, 1620.728515625, 1617.8717041015625, 1619.9754638671875, 1615.53271484375, 1618.854248046875, 1616.0166015625, 1617.625732421875, 1615.216796875, 1615.676025390625, 1617.8758544921875, 1616.8729248046875, 1613.7364501953125, 1629.1173095703125, 1619.41259765625, 1613.3763427734375, 1616.5755615234375, 1612.3125, 1616.349853515625, 1612.5115966796875, 1612.820556640625, 1613.29638671875, 1625.7611083984375]}