{"loss": [8492.4521484375, 2157.556396484375, 2146.3232421875, 2140.033935546875, 2131.235595703125, 2131.153564453125, 2120.5537109375, 2119.89599609375, 2114.8271484375, 2103.847900390625, 2105.773193359375, 2102.196044921875, 2091.923583984375, 2090.80810546875, 2090.086181640625, 2088.55126953125, 2084.42041015625, 2071.739990234375, 2073.939208984375, 2070.15625, 2065.46240234375, 2060.112060546875], "val_loss": [1667.06494140625, 1652.02490234375, 1646.6063232421875, 1642.013427734375, 1644.4228515625, 1645.6480712890625, 1635.9447021484375, 1629.7598876953125, 1633.4222412109375, 1627.874755859375, 1637.6661376953125, 1631.6302490234375, 1624.9375, 1624.3455810546875, 1622.2303466796875, 1628.1234130859375, 1618.546875, 1629.8673095703125, 1620.5106201171875, 1623.3416748046875, 1620.479248046875, 1622.0623779296875]}