{"loss": [200.84780883789062, 78.52776336669922, 78.50444030761719, 78.28706359863281, 78.19471740722656, 78.17225646972656, 78.2442398071289, 78.15730285644531, 78.04168701171875, 78.04851531982422, 77.98104858398438, 77.88814544677734, 77.94732666015625, 77.91153717041016, 77.8653564453125, 77.87269592285156, 77.74285888671875, 77.77412414550781, 77.7800521850586], "val_loss": [79.66995239257812, 79.62252807617188, 79.36776733398438, 79.19925689697266, 80.01233673095703, 79.02581024169922, 79.14588928222656, 79.02652740478516, 78.99885559082031, 79.565673828125, 78.86595153808594, 79.2840805053711, 79.04301452636719, 78.66023254394531, 78.81571197509766, 79.00894927978516, 79.22836303710938, 79.27915954589844, 78.7333984375]}