{"loss": [192.91542053222656, 129.43646240234375, 126.54334259033203, 123.94718170166016, 120.19671630859375, 117.24402618408203, 114.1885757446289, 112.19116973876953, 109.71244049072266, 107.6553955078125, 106.10171508789062, 104.82891845703125, 103.36298370361328, 102.3211898803711, 101.3457260131836, 100.58977508544922, 99.92692565917969, 99.16461944580078, 98.28878021240234, 97.62918090820312, 97.01986694335938, 96.42264556884766, 95.61829376220703, 95.0646743774414, 94.5979232788086, 94.1897201538086], "val_loss": [80.85213470458984, 83.39047241210938, 84.45340728759766, 80.034912109375, 80.50044250488281, 79.96919250488281, 80.73854064941406, 80.17678833007812, 80.13971710205078, 80.14961242675781, 79.65423583984375, 79.47197723388672, 81.25946807861328, 79.51310729980469, 79.5888671875, 79.81258392333984, 79.41587829589844, 79.39981079101562, 79.44361877441406, 80.1351318359375, 79.35753631591797, 80.45259094238281, 80.38558959960938, 80.00145721435547, 79.49323272705078, 79.53524780273438]}