{"loss": [254.63800048828125, 102.44385528564453, 101.8195571899414, 100.99552154541016, 100.43049621582031, 99.90373229980469, 99.34300231933594, 99.04983520507812, 98.1421127319336, 97.52580261230469, 96.97177124023438, 96.3277587890625, 95.81611633300781, 95.273681640625, 94.52659606933594, 94.16503143310547, 93.87359619140625, 92.80113220214844, 92.40604400634766, 92.23687744140625, 91.77027130126953, 91.23593139648438, 90.92469024658203, 90.29257202148438, 89.87309265136719, 89.70446014404297], "val_loss": [80.48400115966797, 79.39729309082031, 79.17639923095703, 79.58968353271484, 79.08973693847656, 78.9391098022461, 79.00836944580078, 79.63428497314453, 78.96678161621094, 79.15266418457031, 78.88330078125, 78.6810073852539, 79.51042175292969, 78.6579818725586, 78.61359405517578, 78.72049713134766, 78.85243225097656, 78.7199935913086, 78.63143920898438, 78.6081771850586, 78.5488510131836, 78.8047866821289, 79.12113952636719, 78.70940399169922, 78.57723236083984, 78.56759643554688]}