{"loss": [223.23773193359375, 149.31419372558594, 147.34861755371094, 143.7824249267578, 140.66990661621094, 138.0089111328125, 134.68621826171875, 132.74822998046875, 131.07020568847656, 129.4639129638672, 128.12612915039062, 126.11531066894531, 125.05070495605469, 124.25355529785156, 123.37578582763672, 122.86588287353516, 122.04720306396484, 121.45465850830078, 120.87353515625, 119.93892669677734, 119.29055786132812, 118.7306900024414, 118.65631103515625, 117.63081359863281, 117.32388305664062], "val_loss": [104.26813507080078, 106.54562377929688, 106.72105407714844, 107.47859191894531, 104.35145568847656, 103.1646957397461, 104.15727996826172, 103.69696044921875, 102.98682403564453, 103.95059967041016, 102.93750762939453, 103.15816497802734, 102.61067962646484, 104.15758514404297, 104.90886688232422, 102.56085205078125, 102.64031219482422, 102.99409484863281, 102.5583724975586, 102.4312515258789, 103.1192398071289, 102.58988952636719, 102.65253448486328, 102.6198501586914, 102.7785873413086]}