{"accuracy": [0.6895734667778015, 0.6961666941642761, 0.6976062655448914, 0.6969388723373413, 0.6970996260643005, 0.6980185508728027, 0.6982107162475586, 0.6979137063026428, 0.6979626417160034, 0.697864830493927, 0.6977879405021667, 0.6989968419075012, 0.6985670924186707, 0.6979626417160034, 0.6988012194633484, 0.6985845565795898, 0.6980849504470825, 0.6985880732536316, 0.6975957751274109, 0.6986265182495117], "loss": [0.5938606858253479, 0.5782096982002258, 0.574706494808197, 0.5731233358383179, 0.5723612308502197, 0.5715965628623962, 0.5711044073104858, 0.5708819031715393, 0.5706618428230286, 0.5709264278411865, 0.5706161260604858, 0.5705131888389587, 0.5706024765968323, 0.5703551769256592, 0.570297122001648, 0.5700870156288147, 0.570152759552002, 0.5702905058860779, 0.570492148399353, 0.5699987411499023], "val_accuracy": [0.6963005661964417, 0.6963424682617188, 0.6982851624488831, 0.6959651112556458, 0.6982711553573608, 0.697236955165863, 0.6959651112556458, 0.6988301873207092, 0.6970133185386658, 0.6985646486282349, 0.6984388828277588, 0.6988581418991089, 0.6970412731170654, 0.6985227465629578, 0.6993752717971802, 0.697236955165863, 0.6975723505020142, 0.6976422667503357, 0.6963005661964417, 0.6981733441352844], "val_loss": [0.5747350454330444, 0.5703636407852173, 0.5693652033805847, 0.5702913403511047, 0.5673195719718933, 0.5665147304534912, 0.567438542842865, 0.5661568641662598, 0.5663700699806213, 0.5659573674201965, 0.5667064189910889, 0.5667272210121155, 0.5663034319877625, 0.5664654970169067, 0.5657100081443787, 0.567211925983429, 0.5661224126815796, 0.5661470293998718, 0.5678418278694153, 0.5666145086288452]}