{"accuracy": [0.6845945119857788, 0.6912820339202881, 0.6921730637550354, 0.6922953128814697, 0.6930081248283386, 0.692602813243866, 0.693126916885376, 0.6935461759567261, 0.6928403973579407, 0.6935461759567261, 0.6929871439933777, 0.6931374073028564, 0.6933889389038086, 0.6939550042152405, 0.6931478977203369], "loss": [0.5811245441436768, 0.5730072259902954, 0.5719765424728394, 0.571435272693634, 0.5707482695579529, 0.5705597996711731, 0.5704315304756165, 0.5703449845314026, 0.5701574683189392, 0.5700401663780212, 0.5698999166488647, 0.5697953701019287, 0.5694631934165955, 0.5695201754570007, 0.569435179233551], "val_accuracy": [0.6929882168769836, 0.6935612559318542, 0.6941202878952026, 0.6925689578056335, 0.6932677626609802, 0.6934773921966553, 0.6933935284614563, 0.6939525604248047, 0.693798840045929, 0.6937708854675293, 0.6936730146408081, 0.6938547492027283, 0.6930022239685059, 0.6928344964981079, 0.6938966512680054], "val_loss": [0.5694997310638428, 0.5689108371734619, 0.5683916211128235, 0.5682024955749512, 0.568433403968811, 0.5683125257492065, 0.568273663520813, 0.5680942535400391, 0.5682522058486938, 0.5680170655250549, 0.5682703256607056, 0.5682602524757385, 0.5681011080741882, 0.5683175921440125, 0.568139374256134]}