{"loss": [219.70547485351562, 99.75249481201172, 99.55448150634766, 99.35893249511719, 99.15118408203125, 99.0368423461914, 98.97235870361328, 98.86932373046875, 98.95702362060547, 98.79309844970703, 98.73065948486328, 98.80047607421875, 98.73938751220703, 98.77147674560547], "val_loss": [100.35150909423828, 99.9944076538086, 99.82125854492188, 99.57735443115234, 99.34834289550781, 99.20951843261719, 99.25349426269531, 99.1671142578125, 99.09172821044922, 99.27368927001953, 99.50401306152344, 99.26896667480469, 99.74173736572266, 99.12642669677734]}