{"accuracy": [0.6851674914360046, 0.6918096542358398, 0.6920402646064758, 0.692456066608429, 0.6930081248283386, 0.6932492256164551, 0.6931688189506531, 0.6930605173110962, 0.6934553384780884, 0.6931234002113342], "loss": [0.5784413814544678, 0.5709991455078125, 0.5706067681312561, 0.5699522495269775, 0.5698085427284241, 0.5697763562202454, 0.5693655610084534, 0.5693051815032959, 0.5690226554870605, 0.5690039992332458], "val_accuracy": [0.693044126033783, 0.6926248669624329, 0.6930720806121826, 0.6905144453048706, 0.6930580735206604, 0.6935752034187317, 0.6939106583595276, 0.6927226781845093, 0.6930580735206604, 0.693253755569458], "val_loss": [0.5693421959877014, 0.5687680840492249, 0.5689151287078857, 0.5697424411773682, 0.5681954026222229, 0.5684654712677002, 0.5686926245689392, 0.5687430500984192, 0.5685833096504211, 0.5685006380081177]}