{"accuracy": [0.6901500225067139, 0.6961352825164795, 0.697323203086853, 0.6978018879890442, 0.6976481676101685, 0.6983120441436768, 0.6974210739135742, 0.6982526183128357, 0.6985950469970703, 0.6984937191009521, 0.6980884075164795, 0.698388934135437, 0.6986544728279114, 0.698305070400238], "loss": [0.593053936958313, 0.5787530541419983, 0.5748252868652344, 0.5727820992469788, 0.5721842050552368, 0.5717706084251404, 0.5714175701141357, 0.5713282227516174, 0.5706942677497864, 0.5708309412002563, 0.5707120299339294, 0.5704591274261475, 0.5704652667045593, 0.5705585479736328], "val_accuracy": [0.6973627209663391, 0.6973068118095398, 0.6989699602127075, 0.6966080069541931, 0.6987323760986328, 0.6987882852554321, 0.6981593370437622, 0.6983969211578369, 0.6985786557197571, 0.6973068118095398, 0.697614312171936, 0.6980894804000854, 0.6975723505020142, 0.6979637145996094], "val_loss": [0.5747212171554565, 0.5710383653640747, 0.5681430101394653, 0.5679275393486023, 0.5668413639068604, 0.5667431950569153, 0.5665760636329651, 0.566347062587738, 0.5658208131790161, 0.5669251084327698, 0.566707968711853, 0.56672203540802, 0.5671605467796326, 0.5669098496437073]}