{"loss": [215.04379272460938, 99.77557373046875, 99.50347900390625, 99.29581451416016, 99.06769561767578, 99.07575225830078, 98.95712280273438, 98.80956268310547, 98.74687194824219, 98.83592224121094, 98.79399108886719, 98.7236557006836, 98.77574157714844, 98.79048919677734], "val_loss": [100.35133361816406, 100.0071029663086, 99.68250274658203, 99.91060638427734, 99.9734878540039, 99.75555419921875, 99.29063415527344, 99.90106964111328, 99.1163330078125, 99.12095642089844, 99.20072937011719, 100.98660278320312, 99.55399322509766, 101.46013641357422]}