{"loss": [207.18685913085938, 135.2876739501953, 133.0887451171875, 130.28314208984375, 126.19573974609375, 123.25041961669922, 119.4383316040039, 117.38638305664062, 114.76704406738281, 112.86006927490234, 110.8606185913086, 108.93441009521484, 107.471435546875, 106.17937469482422, 105.62847137451172, 104.41983032226562, 103.38496398925781, 101.9410171508789, 101.72439575195312, 100.3632583618164, 99.66260528564453], "val_loss": [82.69416046142578, 80.4644775390625, 80.76933288574219, 82.32547760009766, 82.20234680175781, 79.65957641601562, 80.15238189697266, 80.79722595214844, 80.50853729248047, 79.65156555175781, 79.60523986816406, 80.4742660522461, 79.76475524902344, 80.07633972167969, 79.59735870361328, 79.53392791748047, 79.68807983398438, 80.2485580444336, 80.86672973632812, 80.31034851074219, 80.3006820678711]}