{"loss": [7719.04443359375, 2192.515380859375, 2159.778564453125, 2157.841552734375, 2153.383056640625, 2154.542724609375, 2136.71630859375, 2141.35400390625, 2133.1962890625, 2124.484619140625, 2121.38916015625, 2124.160888671875, 2121.28173828125, 2114.29345703125, 2102.46875, 2113.757568359375], "val_loss": [1683.1883544921875, 1654.9207763671875, 1668.9913330078125, 1638.732666015625, 1642.5469970703125, 1639.1016845703125, 1630.991455078125, 1635.579833984375, 1632.0626220703125, 1631.0819091796875, 1628.9970703125, 1634.2066650390625, 1632.05126953125, 1633.433837890625, 1632.176513671875, 1635.78564453125]}